Kitchen,Drinkware,73
Home,Bedding & Linens,64
Garden,Gardening Tools,8
Food - Grains,Pasta,92
Electronics,Tablets for Kids,11
Pets,Dog Toys,79
Food - Dairy,Flavored Yogurt,93
Kitchen,Small Appliances,11
Food - Frozen Desserts,Ice Cream,93
Accessories,Kids' Bags,41
Food - Snacks,Nuts and Seeds,32
Food - Snacks,Savory Snacks,73
Food - Soups,Vegetarian Soups,96
Pets,Pet Accessories,30
Kitchen,Kitchen Gadgets,1
Clothing - Accessories,Bags,52
Office,Office Accessories,66
Food - Soups,Instant Soups,31
Home Improvement,Outdoor Cleaning,7
Food - Condiments,Dressing,55
Health,Aromatherapy & Wellness,99
Home,Decorative Wall Art & Accessories,77
Food - Nuts,Seeds & Nuts,57
Kitchen,Ice Cube Trays,20
Food - Prepared Foods,Vegetarian Meals,33
Kitchen,Food Storage Solutions,73
Home Security,Smart Security,64
Food - Condiments,Fermented Condiments,38
Garden,Gardening Accessories,14
Travel,Travel Accessories,28
Audio,Portable Speakers,32
Kitchen,Cutlery,56
Accessories,Watches,70
Food - Soups,Vegetarian Soups,17
Food - Snacks,Healthy Snacks,79
Food - Beverages,Herbal Tea,37
Food - Frozen Meals,Frozen Meat Meals,17
Food - Produce,Fresh Cut Fruits,66
Food - Frozen Foods,Frozen Pizza,69
Outdoor,Camping Equipment,45
Food - Condiments,Dips,86
Garden,Gardening Accessories,9
Food - Fruits,Berries,17
Food - Canned Goods,Soups & Broths,54
Food - Snacks,Meat Snacks,86
Kitchen,Cutting Boards & Utensils,6
Travel,Travel Accessories,55
Food - Meats,Poultry,45
Food - Snacks,Savory Snacks,85
Food - Snacks,Sweet Snacks,72
Outdoor,Cycling Accessories,1
Safety,Self-Defense Tools,46
Food - Beverages,Health Drinks,54
Outdoor,Garden Supplies,28
Food - Meat,Processed Meats,79
Pets,Dog Toys,44
Fitness,Cardio Equipment,85
Food - Beverages,Juice,71
Food - Bakery,Seasonal Items,42
Kitchen,Baking Accessories,22
Food - Snacks,Vegetable Snacks,38
Electronics,Tablets for Kids,29
Clothing - Activewear,Sports Apparel,34
Food - Frozen Foods,Frozen Meals,12
Home Improvement,Outdoor Cleaning,74
Home,Smart Home & Security,56
Food - Condiments,Fruit Sauces,18
Food - Spices,Herb Blends,27
Food - Condiments,Sauces,99
Food - Condiments,Marinades and Sauces,26
Clothing - Dresses,Casual Dresses,9
Kitchen,Kitchen Storage & Organization,12
Food - Spices,Dried Spices,79
Toys,Educational Toys,32
Fitness,Wearable Technology,71
Food - Cooking Kits,Japanese Cooking Kits,18
Outdoor,Outdoor Accessories,25
Art Supplies,Painting Supplies,44
Kitchen,Coffee Equipment,81
Food - Breakfast,Savory Breakfast Options,38
Clothing - Outerwear,Coats,41
Accessories,Tech Accessories,96
Fitness,Hydration Gear,24
Food - Confectionery,Cookies & Biscuits,44
Food - Canned Soups,Soups,22
Food - Dairy,Yogurt,8
Home,Bedding & Linens,10
Food - Grains,Flavored Rice Dishes,49
Kitchen,Baking Accessories,47
Fitness,Recovery Tools,27
Home,Decorative Wall Art & Accessories,18
Fitness,Yoga Equipment,89
Accessories,Bags,86
Food - Canned Goods,Coconut Products,65
Food - Beverages,Health Drinks,46
Kitchen,Eco-Friendly Kitchen Products,71
Outdoor,Outdoor Furniture,32
Electronics,Solar Power Accessories,48
Outdoor,Camping Equipment,40
Food - Pasta,Pasta,86
