Clothing - Accessories,Bags
Food - Condiments,Olives
Kitchen,Kitchen Gadget
Health,Personal Care & Grooming
Clothing - Shirts,Casual Shirts
Clothing - Outerwear,Knitwear
Food - Oils,Oils
Garden,Garden Tools
Food - Breakfast,Pancakes & Waffles
Food - Prepared Meals,Pies & Quiches
Food - Produce,Fresh Cut Fruits
Food - Spices,Herbs and Spices
Fitness,Recovery Tools
Food - Prepared Meals,Cuisine - Italian
Home,Lighting & Lamps
Food - Frozen Desserts,Ice Cream Flavors
Food - Condiments,Fruit Spreads
Pets,Grooming Supplies
Food - Snacks,Gourmet Snacks
Electronics,Computer Accessories
Garden,Garden Tools
Food - Grains,Pasta
Fitness,Hydration Gear
Food - Canned Goods,Canned Legumes
Health,Personal Care & Grooming
Clothing - Tops,T-Shirts
Pets,Pet Supplies
Electronics,Computer Accessories
Office,Office Supplies
Food - Meat,Marinated Meats
Automotive,Car Cleaning
Pets,Dog Supplies
Outdoor,Outdoor Accessories
Food - Frozen Foods,Frozen Pizza
Food - Snacks,Dips and Spreads
Kitchen,Cooking Appliances
Food - Prepared Foods,Salads
Food - Frozen Foods,Frozen Meals
Food - Bakery,Breads
Bicycles,Accessories
Food - Soups,Vegetarian Soups
Toys,Outdoor Play Toys
Accessories,Mobile Accessories
Food - Beverages,Juice
Pets,Pet Accessories
Food - Frozen Foods,Frozen Snacks
Pets,Pet Supplies
Food - Spices,Seasoning Blends
Office,Office Supplies
Home,Seasonal Home Decor
Food - Baking & Cooking,Baking Ingredients
Food - Bakery,Cookies
Food - Condiments,Fermented Condiments
Kitchen,Cooking Appliances
Art Supplies,Digital Art Supplies
Kitchen,Blenders & Juicers
Food - Pasta,Pasta
Food - Salads,Meal Kits
Food - Sauces,Pasta Sauces
Clothing - Footwear,Casual Footwear
Kitchen,Food Storage Solutions
Food - Spices,Herbs and Spices
Photography,Marine Photography Equipment
Food - Fruits,Apples
Food - Baking,Baking Ingredients
Audio,Headphones
Food - Snacks,Chocolate Snacks
Outdoor,Outdoor Accessories
Food - Frozen Foods,Frozen Pizza
Health,Fitness & Nutrition
Electronics,Home Entertainment Equipment
Food - Prepared Meals,Meal Kits - Pasta
Tools,Hand Tools
Food - Meat,Marinades and Sauces
Toys,Creative Arts & Crafts
Food - Salads,Grain Salads
Outdoor,Outdoor Recreation
Kitchen,Cooking Tools & Utensils
Travel,Travel Accessories
Food - Canned Goods,Canned Vegetables
Food - Baking,Mixes
Food - Canned Goods,Soups & Broths
Photography,Lighting Equipment
Outdoor,Outdoor Accessories
Home,Decorative Wall Art & Accessories
Clothing - Bottoms,Bottoms
Fitness,Yoga Equipment
Clothing - Outerwear,Knitwear
Food - Beverages,Drink Mixes
Food - Frozen,Frozen Meals
Food - Frozen Foods,Frozen Vegetables
Clothing - Sweaters,Sweaters
Fitness,Wearable Technology
Food - Produce,Vegetables
Food - Frozen Foods,Frozen Snacks
Food - Produce,Herbs & Spices
Accessories,Kids' Bags
Food - Nuts,Seeds & Nuts
Toys,Educational Toys
Food - Cooking Oil,Infused Oils
